sub_category_id,sub_category_name,category_id
12,Accessories,3
6,Appliances,1
14,Art,1
17,Binders,1
10,Bookcases,2
8,Chairs,2
7,Copiers,3
15,Envelopes,1
16,Fasteners,1
4,Furnishings,2
13,Labels,1
5,Machines,3
3,Paper,1
11,Phones,3
1,Storage,1
2,Supplies,1
9,Tables,2
